u1x,u1y,u1h,u1v,u2x,u2y,u2h,u2v,u3x,u3y,u3h,u3v,u4x,u4y,u4h,u4v
-2.828427124746189847e+01,-1.500000000000000000e+01,1.000000000000000000e+01,0.000000000000000000e+00,-3.828427124746190202e+01,-4.200000000000000000e+01,1.000000000000000000e+01,0.000000000000000000e+00,-4.828427124746190202e+01,7.000000000000000000e+00,1.000000000000000000e+01,0.000000000000000000e+00,-5.828427124746190202e+01,-2.500000000000000000e+01,1.000000000000000000e+01,0.000000000000000000e+00
-2.578427124746189847e+01,-1.500000000000000000e+01,1.000000000000000000e+01,2.500000000000000000e+00,-3.578427124746190202e+01,-4.200000000000000000e+01,1.000000000000000000e+01,2.500000000000000000e+00,-4.578427124746190202e+01,7.000000000000000000e+00,1.000000000000000000e+01,2.500000000000000000e+00,-5.578427124746190202e+01,-2.500000000000000000e+01,1.000000000000000000e+01,2.500000000000000000e+00
-2.328427124746189847e+01,-1.412438584482307746e+01,1.000000000000000000e+01,2.648905462402574074e+00,-3.328427124746190202e+01,-4.112438584482308102e+01,1.000000000000000000e+01,2.648905462402574518e+00,-4.328427124746190202e+01,7.875614155176921649e+00,1.000000000000000000e+01,2.648905462402574074e+00,-5.328427124746190202e+01,-2.412438584482307746e+01,1.000000000000000000e+01,2.648905462402574518e+00
-2.078427124746189847e+01,-1.162438584482307746e+01,1.000000000000000000e+01,3.535533905932737753e+00,-3.078427124746190202e+01,-3.862438584482308102e+01,1.000000000000000000e+01,3.535533905932737753e+00,-4.078427124746190202e+01,1.037561415517692254e+01,1.000000000000000000e+01,3.535533905932737753e+00,-5.078427124746190202e+01,-2.162438584482307746e+01,1.000000000000000000e+01,3.535533905932737753e+00
-1.828427124746189847e+01,-9.124385844823077463e+00,1.000000000000000000e+01,3.535533905932737753e+00,-2.828427124746190202e+01,-3.612438584482308102e+01,1.000000000000000000e+01,3.535533905932737753e+00,-3.828427124746190202e+01,1.287561415517692254e+01,1.000000000000000000e+01,3.535533905932737753e+00,-4.828427124746190202e+01,-1.912438584482307746e+01,1.000000000000000000e+01,3.535533905932737753e+00
-1.578427124746189847e+01,-6.624385844823077463e+00,1.000000000000000000e+01,3.535533905932737753e+00,-2.578427124746190202e+01,-3.362438584482308102e+01,1.000000000000000000e+01,3.535533905932737753e+00,-3.578427124746190202e+01,1.537561415517692254e+01,1.000000000000000000e+01,3.535533905932737753e+00,-4.578427124746190202e+01,-1.662438584482307746e+01,1.000000000000000000e+01,3.535533905932737753e+00
-1.578427124746189847e+01,-6.624385844823077463e+00,1.000000000000000000e+01,0.000000000000000000e+00,-2.578427124746190202e+01,-3.362438584482308102e+01,1.000000000000000000e+01,0.000000000000000000e+00,-3.578427124746190202e+01,1.537561415517692254e+01,1.000000000000000000e+01,0.000000000000000000e+00,-4.578427124746190202e+01,-1.662438584482307746e+01,1.000000000000000000e+01,0.000000000000000000e+00
-1.328427124746189847e+01,-4.124385844823077463e+00,1.000000000000000000e+01,3.535533905932737753e+00,-2.328427124746190202e+01,-3.112438584482308102e+01,1.000000000000000000e+01,3.535533905932737753e+00,-3.328427124746190202e+01,1.787561415517692254e+01,1.000000000000000000e+01,3.535533905932737753e+00,-4.328427124746190202e+01,-1.412438584482307746e+01,1.000000000000000000e+01,3.535533905932737753e+00
-1.078427124746189847e+01,-1.624385844823077463e+00,1.000000000000000000e+01,3.535533905932737753e+00,-2.078427124746190202e+01,-2.862438584482308102e+01,1.000000000000000000e+01,3.535533905932737753e+00,-3.078427124746190202e+01,2.037561415517692254e+01,1.000000000000000000e+01,3.535533905932737753e+00,-4.078427124746190202e+01,-1.162438584482307746e+01,1.000000000000000000e+01,3.535533905932737753e+00
-8.284271247461898469e+00,8.756141551769225373e-01,1.000000000000000000e+01,3.535533905932737753e+00,-1.828427124746190202e+01,-2.612438584482308102e+01,1.000000000000000000e+01,3.535533905932737753e+00,-2.828427124746190202e+01,2.287561415517692254e+01,1.000000000000000000e+01,3.535533905932737753e+00,-3.828427124746190202e+01,-9.124385844823077463e+00,1.000000000000000000e+01,3.535533905932737753e+00
-8.284271247461898469e+00,8.756141551769225373e-01,1.000000000000000000e+01,0.000000000000000000e+00,-1.828427124746190202e+01,-2.612438584482308102e+01,1.000000000000000000e+01,0.000000000000000000e+00,-2.828427124746190202e+01,2.287561415517692254e+01,1.000000000000000000e+01,0.000000000000000000e+00,-3.828427124746190202e+01,-9.124385844823077463e+00,1.000000000000000000e+01,0.000000000000000000e+00
-5.784271247461898469e+00,3.375614155176922537e+00,1.000000000000000000e+01,3.535533905932737753e+00,-1.578427124746190202e+01,-2.362438584482308102e+01,1.000000000000000000e+01,3.535533905932737753e+00,-2.578427124746190202e+01,2.537561415517692254e+01,1.000000000000000000e+01,3.535533905932737753e+00,-3.578427124746190202e+01,-6.624385844823077463e+00,1.000000000000000000e+01,3.535533905932737753e+00
-3.284271247461898469e+00,5.875614155176922537e+00,1.000000000000000000e+01,3.535533905932737753e+00,-1.328427124746190202e+01,-2.112438584482308102e+01,1.000000000000000000e+01,3.535533905932737753e+00,-2.328427124746190202e+01,2.787561415517692254e+01,1.000000000000000000e+01,3.535533905932737753e+00,-3.328427124746190202e+01,-4.124385844823077463e+00,1.000000000000000000e+01,3.535533905932737753e+00
-7.842712474618984686e-01,8.375614155176922537e+00,1.000000000000000000e+01,3.535533905932737753e+00,-1.078427124746190202e+01,-1.862438584482308102e+01,1.000000000000000000e+01,3.535533905932737753e+00,-2.078427124746190202e+01,3.037561415517692254e+01,1.000000000000000000e+01,3.535533905932737753e+00,-3.078427124746190202e+01,-1.624385844823077463e+00,1.000000000000000000e+01,3.535533905932737753e+00
1.715728752538101531e+00,1.087561415517692254e+01,1.000000000000000000e+01,3.535533905932737753e+00,-8.284271247461902021e+00,-1.612438584482308102e+01,1.000000000000000000e+01,3.535533905932737753e+00,-1.828427124746190202e+01,3.287561415517691898e+01,1.000000000000000000e+01,3.535533905932737753e+00,-2.828427124746190202e+01,8.756141551769225373e-01,1.000000000000000000e+01,3.535533905932737753e+00
4.215728752538101531e+00,1.337561415517692254e+01,1.000000000000000000e+01,3.535533905932737753e+00,-5.784271247461902021e+00,-1.362438584482308102e+01,1.000000000000000000e+01,3.535533905932737753e+00,-1.578427124746190202e+01,3.537561415517691898e+01,1.000000000000000000e+01,3.535533905932737753e+00,-2.578427124746190202e+01,3.375614155176922537e+00,1.000000000000000000e+01,3.535533905932737753e+00
6.715728752538101531e+00,1.587561415517692254e+01,1.000000000000000000e+01,3.535533905932737753e+00,-3.284271247461902021e+00,-1.112438584482308102e+01,1.000000000000000000e+01,3.535533905932737753e+00,-1.328427124746190202e+01,3.787561415517691898e+01,1.000000000000000000e+01,3.535533905932737753e+00,-2.328427124746190202e+01,5.875614155176922537e+00,1.000000000000000000e+01,3.535533905932737753e+00
9.215728752538101531e+00,1.837561415517692254e+01,1.000000000000000000e+01,3.535533905932737753e+00,-7.842712474619020213e-01,-8.624385844823081015e+00,1.000000000000000000e+01,3.535533905932737753e+00,-1.078427124746190202e+01,4.037561415517691898e+01,1.000000000000000000e+01,3.535533905932737753e+00,-2.078427124746190202e+01,8.375614155176922537e+00,1.000000000000000000e+01,3.535533905932737753e+00
1.171572875253810153e+01,2.087561415517692254e+01,1.000000000000000000e+01,3.535533905932737753e+00,1.715728752538097979e+00,-6.124385844823081015e+00,1.000000000000000000e+01,3.535533905932737753e+00,-8.284271247461902021e+00,4.287561415517691898e+01,1.000000000000000000e+01,3.535533905932737753e+00,-1.828427124746190202e+01,1.087561415517692254e+01,1.000000000000000000e+01,3.535533905932737753e+00
1.421572875253810153e+01,2.337561415517692254e+01,1.000000000000000000e+01,3.535533905932737753e+00,4.215728752538097979e+00,-3.624385844823081015e+00,1.000000000000000000e+01,3.535533905932737753e+00,-5.784271247461902021e+00,4.537561415517691898e+01,1.000000000000000000e+01,3.535533905932737753e+00,-1.578427124746190202e+01,1.337561415517692254e+01,1.000000000000000000e+01,3.535533905932737753e+00
1.671572875253810153e+01,2.587561415517692254e+01,1.000000000000000000e+01,3.535533905932737753e+00,6.715728752538097979e+00,-1.124385844823081015e+00,1.000000000000000000e+01,3.535533905932737753e+00,-3.284271247461902021e+00,4.787561415517691898e+01,1.000000000000000000e+01,3.535533905932737753e+00,-1.328427124746190202e+01,1.587561415517692254e+01,1.000000000000000000e+01,3.535533905932737753e+00
1.671572875253810153e+01,2.587561415517692254e+01,1.000000000000000000e+01,0.000000000000000000e+00,6.715728752538097979e+00,-1.124385844823081015e+00,1.000000000000000000e+01,0.000000000000000000e+00,-3.284271247461902021e+00,4.787561415517691898e+01,1.000000000000000000e+01,0.000000000000000000e+00,-1.328427124746190202e+01,1.587561415517692254e+01,1.000000000000000000e+01,0.000000000000000000e+00
1.921572875253810153e+01,2.837561415517692254e+01,1.000000000000000000e+01,3.535533905932737753e+00,9.215728752538097979e+00,1.375614155176918985e+00,1.000000000000000000e+01,3.535533905932737753e+00,-7.842712474619020213e-01,5.037561415517691898e+01,1.000000000000000000e+01,3.535533905932737753e+00,-1.078427124746190202e+01,1.837561415517692254e+01,1.000000000000000000e+01,3.535533905932737753e+00
2.171572875253810153e+01,3.087561415517692254e+01,1.000000000000000000e+01,3.535533905932737753e+00,1.171572875253809798e+01,3.875614155176918985e+00,1.000000000000000000e+01,3.535533905932737753e+00,1.715728752538097979e+00,5.287561415517691898e+01,1.000000000000000000e+01,3.535533905932737753e+00,-8.284271247461902021e+00,2.087561415517692254e+01,1.000000000000000000e+01,3.535533905932737753e+00
2.421572875253810153e+01,3.337561415517691898e+01,1.000000000000000000e+01,3.535533905932737753e+00,1.421572875253809798e+01,6.375614155176918985e+00,1.000000000000000000e+01,3.535533905932737753e+00,4.215728752538097979e+00,5.537561415517691898e+01,1.000000000000000000e+01,3.535533905932737753e+00,-5.784271247461902021e+00,2.337561415517692254e+01,1.000000000000000000e+01,3.535533905932737753e+00
2.671572875253810153e+01,3.587561415517691898e+01,1.000000000000000000e+01,3.535533905932737753e+00,1.671572875253809798e+01,8.875614155176918985e+00,1.000000000000000000e+01,3.535533905932737753e+00,6.715728752538097979e+00,5.787561415517691898e+01,1.000000000000000000e+01,3.535533905932737753e+00,-3.284271247461902021e+00,2.587561415517692254e+01,1.000000000000000000e+01,3.535533905932737753e+00
2.921572875253810153e+01,3.837561415517691898e+01,1.000000000000000000e+01,3.535533905932737753e+00,1.921572875253809798e+01,1.137561415517691898e+01,1.000000000000000000e+01,3.535533905932737753e+00,9.215728752538097979e+00,6.037561415517691898e+01,1.000000000000000000e+01,3.535533905932737753e+00,-7.842712474619020213e-01,2.837561415517692254e+01,1.000000000000000000e+01,3.535533905932737753e+00
3.171572875253810153e+01,4.087561415517691898e+01,1.000000000000000000e+01,3.535533905932737753e+00,2.171572875253809798e+01,1.387561415517691898e+01,1.000000000000000000e+01,3.535533905932737753e+00,1.171572875253809798e+01,6.287561415517691898e+01,1.000000000000000000e+01,3.535533905932737753e+00,1.715728752538097979e+00,3.087561415517692254e+01,1.000000000000000000e+01,3.535533905932737753e+00
3.421572875253809798e+01,4.264766354893895084e+01,1.000000000000000000e+01,3.064336641743590217e+00,2.421572875253809798e+01,1.564766354893895084e+01,1.000000000000000000e+01,3.064336641743590217e+00,1.421572875253809798e+01,6.464766354893895084e+01,1.000000000000000000e+01,3.064336641743590217e+00,4.215728752538097979e+00,3.264766354893895084e+01,1.000000000000000000e+01,3.064336641743589329e+00
3.421572875253809798e+01,4.264766354893895084e+01,1.000000000000000000e+01,0.000000000000000000e+00,2.421572875253809798e+01,1.564766354893895084e+01,1.000000000000000000e+01,0.000000000000000000e+00,1.421572875253809798e+01,6.464766354893895084e+01,1.000000000000000000e+01,0.000000000000000000e+00,4.215728752538097979e+00,3.264766354893895084e+01,1.000000000000000000e+01,0.000000000000000000e+00
3.671572875253809798e+01,4.353368824581996677e+01,1.000000000000000000e+01,2.652364937840020698e+00,2.671572875253809798e+01,1.653368824581996677e+01,1.000000000000000000e+01,2.652364937840020698e+00,1.671572875253809798e+01,6.553368824581997387e+01,1.000000000000000000e+01,2.652364937840020698e+00,6.715728752538097979e+00,3.353368824581996677e+01,1.000000000000000000e+01,2.652364937840020698e+00
3.921572875253809798e+01,4.397670059426047828e+01,1.000000000000000000e+01,2.538948589647055609e+00,2.921572875253809798e+01,1.697670059426047473e+01,1.000000000000000000e+01,2.538948589647055609e+00,1.921572875253809798e+01,6.597670059426047828e+01,1.000000000000000000e+01,2.538948589647055165e+00,9.215728752538097979e+00,3.397670059426047828e+01,1.000000000000000000e+01,2.538948589647055609e+00
3.921572875253809798e+01,4.397670059426047828e+01,1.000000000000000000e+01,0.000000000000000000e+00,2.921572875253809798e+01,1.697670059426047473e+01,1.000000000000000000e+01,0.000000000000000000e+00,1.921572875253809798e+01,6.597670059426047828e+01,1.000000000000000000e+01,0.000000000000000000e+00,9.215728752538097979e+00,3.397670059426047828e+01,1.000000000000000000e+01,0.000000000000000000e+00
4.171572875253809798e+01,4.419820676848073049e+01,1.000000000000000000e+01,2.509793813287795494e+00,3.171572875253809798e+01,1.719820676848073049e+01,1.000000000000000000e+01,2.509793813287795494e+00,2.171572875253809798e+01,6.619820676848073049e+01,1.000000000000000000e+01,2.509793813287795494e+00,1.171572875253809798e+01,3.419820676848073049e+01,1.000000000000000000e+01,2.509793813287795494e+00
4.421572875253809798e+01,4.430895985559085659e+01,1.000000000000000000e+01,2.502452046754227499e+00,3.421572875253809798e+01,1.730895985559085659e+01,1.000000000000000000e+01,2.502452046754227499e+00,2.421572875253809798e+01,6.630895985559085659e+01,1.000000000000000000e+01,2.502452046754227499e+00,1.421572875253809798e+01,3.430895985559085659e+01,1.000000000000000000e+01,2.502452046754227499e+00
4.671572875253809798e+01,4.436433639914591964e+01,1.000000000000000000e+01,2.500613237103272102e+00,3.671572875253809798e+01,1.736433639914591964e+01,1.000000000000000000e+01,2.500613237103272102e+00,2.671572875253809798e+01,6.636433639914591254e+01,1.000000000000000000e+01,2.500613237103272102e+00,1.671572875253809798e+01,3.436433639914591964e+01,1.000000000000000000e+01,2.500613237103272102e+00
4.921572875253809798e+01,4.439202467092344762e+01,1.000000000000000000e+01,2.500153323377193537e+00,3.921572875253809798e+01,1.739202467092345117e+01,1.000000000000000000e+01,2.500153323377193537e+00,2.921572875253809798e+01,6.639202467092344762e+01,1.000000000000000000e+01,2.500153323377193537e+00,1.921572875253809798e+01,3.439202467092344762e+01,1.000000000000000000e+01,2.500153323377193537e+00
4.921572875253809798e+01,4.439202467092344762e+01,1.000000000000000000e+01,0.000000000000000000e+00,3.921572875253809798e+01,1.739202467092345117e+01,1.000000000000000000e+01,0.000000000000000000e+00,2.921572875253809798e+01,6.639202467092344762e+01,1.000000000000000000e+01,0.000000000000000000e+00,1.921572875253809798e+01,3.439202467092344762e+01,1.000000000000000000e+01,0.000000000000000000e+00
5.171572875253809798e+01,4.440586880681221515e+01,1.000000000000000000e+01,2.500038331725837004e+00,4.171572875253809798e+01,1.740586880681221515e+01,1.000000000000000000e+01,2.500038331725837004e+00,3.171572875253809798e+01,6.640586880681220805e+01,1.000000000000000000e+01,2.500038331725837004e+00,2.171572875253809798e+01,3.440586880681221515e+01,1.000000000000000000e+01,2.500038331725837004e+00
5.421572875253809798e+01,4.441279087475659537e+01,1.000000000000000000e+01,2.500009582986558510e+00,4.421572875253809798e+01,1.741279087475659892e+01,1.000000000000000000e+01,2.500009582986558510e+00,3.421572875253809798e+01,6.641279087475659537e+01,1.000000000000000000e+01,2.500009582986558510e+00,2.421572875253809798e+01,3.441279087475659537e+01,1.000000000000000000e+01,2.500009582986558510e+00
5.421572875253809798e+01,4.441279087475659537e+01,1.000000000000000000e+01,0.000000000000000000e+00,4.421572875253809798e+01,1.741279087475659892e+01,1.000000000000000000e+01,0.000000000000000000e+00,3.421572875253809798e+01,6.641279087475659537e+01,1.000000000000000000e+01,0.000000000000000000e+00,2.421572875253809798e+01,3.441279087475659537e+01,1.000000000000000000e+01,0.000000000000000000e+00
5.671572875253809798e+01,4.441625190872878903e+01,1.000000000000000000e+01,2.500002395750083650e+00,4.671572875253809798e+01,1.741625190872878903e+01,1.000000000000000000e+01,2.500002395750083650e+00,3.671572875253809798e+01,6.641625190872878193e+01,1.000000000000000000e+01,2.500002395750083650e+00,2.671572875253809798e+01,3.441625190872878903e+01,1.000000000000000000e+01,2.500002395750083650e+00
5.671572875253809798e+01,4.441625190872878903e+01,1.000000000000000000e+01,0.000000000000000000e+00,4.671572875253809798e+01,1.741625190872878903e+01,1.000000000000000000e+01,0.000000000000000000e+00,3.671572875253809798e+01,6.641625190872878193e+01,1.000000000000000000e+01,0.000000000000000000e+00,2.671572875253809798e+01,3.441625190872878903e+01,1.000000000000000000e+01,0.000000000000000000e+00
5.921572875253809798e+01,4.441798242571488231e+01,1.000000000000000000e+01,2.500000598937735852e+00,4.921572875253809798e+01,1.741798242571488586e+01,1.000000000000000000e+01,2.500000598937735852e+00,3.921572875253809798e+01,6.641798242571488231e+01,1.000000000000000000e+01,2.500000598937735852e+00,2.921572875253809798e+01,3.441798242571488231e+01,1.000000000000000000e+01,2.500000598937735852e+00
6.171572875253809798e+01,4.441884768420793250e+01,1.000000000000000000e+01,2.500000149734447508e+00,5.171572875253809798e+01,1.741884768420793250e+01,1.000000000000000000e+01,2.500000149734447508e+00,4.171572875253809798e+01,6.641884768420793250e+01,1.000000000000000000e+01,2.500000149734447508e+00,3.171572875253809798e+01,3.441884768420793250e+01,1.000000000000000000e+01,2.500000149734447508e+00
6.421572875253809798e+01,4.441928031345445760e+01,1.000000000000000000e+01,2.500000037433612654e+00,5.421572875253809798e+01,1.741928031345445760e+01,1.000000000000000000e+01,2.500000037433612654e+00,4.421572875253809798e+01,6.641928031345446470e+01,1.000000000000000000e+01,2.500000037433612654e+00,3.421572875253809798e+01,3.441928031345445760e+01,1.000000000000000000e+01,2.500000037433612654e+00
6.671572875253809798e+01,4.441949662807772370e+01,1.000000000000000000e+01,2.500000009358403386e+00,5.671572875253809798e+01,1.741949662807772015e+01,1.000000000000000000e+01,2.500000009358403386e+00,4.671572875253809798e+01,6.641949662807772370e+01,1.000000000000000000e+01,2.500000009358403386e+00,3.671572875253809798e+01,3.441949662807772370e+01,1.000000000000000000e+01,2.500000009358403386e+00
6.921572875253809798e+01,4.441960478538935320e+01,1.000000000000000000e+01,2.500000002339600957e+00,5.921572875253809798e+01,1.741960478538935320e+01,1.000000000000000000e+01,2.500000002339600957e+00,4.921572875253809798e+01,6.641960478538935320e+01,1.000000000000000000e+01,2.500000002339600957e+00,3.921572875253809798e+01,3.441960478538935320e+01,1.000000000000000000e+01,2.500000002339600957e+00
7.171572875253809798e+01,4.441965886404516795e+01,1.000000000000000000e+01,2.500000000584900128e+00,6.171572875253809798e+01,1.741965886404516795e+01,1.000000000000000000e+01,2.500000000584900128e+00,5.171572875253809798e+01,6.641965886404517505e+01,1.000000000000000000e+01,2.500000000584900128e+00,4.171572875253809798e+01,3.441965886404516795e+01,1.000000000000000000e+01,2.500000000584900128e+00
7.421572875253809798e+01,4.441968590337307887e+01,1.000000000000000000e+01,2.500000000146225254e+00,6.421572875253809798e+01,1.741968590337307532e+01,1.000000000000000000e+01,2.500000000146225254e+00,5.421572875253809798e+01,6.641968590337307887e+01,1.000000000000000000e+01,2.500000000146225254e+00,4.421572875253809798e+01,3.441968590337307887e+01,1.000000000000000000e+01,2.500000000146225254e+00
7.671572875253809798e+01,4.441969942303703078e+01,1.000000000000000000e+01,2.500000000036556091e+00,6.671572875253809798e+01,1.741969942303703078e+01,1.000000000000000000e+01,2.500000000036556091e+00,5.671572875253809798e+01,6.641969942303703078e+01,1.000000000000000000e+01,2.500000000036556091e+00,4.671572875253809798e+01,3.441969942303703078e+01,1.000000000000000000e+01,2.500000000036556091e+00
7.921572875253809798e+01,4.441970618286900674e+01,1.000000000000000000e+01,2.500000000009138912e+00,6.921572875253809798e+01,1.741970618286900674e+01,1.000000000000000000e+01,2.500000000009138912e+00,5.921572875253809798e+01,6.641970618286900674e+01,1.000000000000000000e+01,2.500000000009138912e+00,4.921572875253809798e+01,3.441970618286900674e+01,1.000000000000000000e+01,2.500000000009138912e+00
8.171572875253809798e+01,4.441970956278499472e+01,1.000000000000000000e+01,2.500000000002284839e+00,7.171572875253809798e+01,1.741970956278499472e+01,1.000000000000000000e+01,2.500000000002284839e+00,6.171572875253809798e+01,6.641970956278498761e+01,1.000000000000000000e+01,2.500000000002284839e+00,5.171572875253809798e+01,3.441970956278499472e+01,1.000000000000000000e+01,2.500000000002284839e+00
8.421572875253809798e+01,4.441971125274298515e+01,1.000000000000000000e+01,2.500000000000571099e+00,7.421572875253809798e+01,1.741971125274298871e+01,1.000000000000000000e+01,2.500000000000571099e+00,6.421572875253809798e+01,6.641971125274298515e+01,1.000000000000000000e+01,2.500000000000571099e+00,5.421572875253809798e+01,3.441971125274298515e+01,1.000000000000000000e+01,2.500000000000571099e+00
8.671572875253809798e+01,4.441971209772198392e+01,1.000000000000000000e+01,2.500000000000142997e+00,7.671572875253809798e+01,1.741971209772198392e+01,1.000000000000000000e+01,2.500000000000142997e+00,6.671572875253809798e+01,6.641971209772198392e+01,1.000000000000000000e+01,2.500000000000142997e+00,5.671572875253809798e+01,3.441971209772198392e+01,1.000000000000000000e+01,2.500000000000142997e+00
8.921572875253809798e+01,4.441971252021148331e+01,1.000000000000000000e+01,2.500000000000035527e+00,7.921572875253809798e+01,1.741971252021148331e+01,1.000000000000000000e+01,2.500000000000035527e+00,6.921572875253809798e+01,6.641971252021147620e+01,1.000000000000000000e+01,2.500000000000035527e+00,5.921572875253809798e+01,3.441971252021148331e+01,1.000000000000000000e+01,2.500000000000035527e+00
8.921572875253809798e+01,4.441971252021148331e+01,1.000000000000000000e+01,0.000000000000000000e+00,7.921572875253809798e+01,1.741971252021148331e+01,1.000000000000000000e+01,0.000000000000000000e+00,6.921572875253809798e+01,6.641971252021147620e+01,1.000000000000000000e+01,0.000000000000000000e+00,5.921572875253809798e+01,3.441971252021148331e+01,1.000000000000000000e+01,0.000000000000000000e+00
9.171572875253809798e+01,4.441971273145622945e+01,1.000000000000000000e+01,2.500000000000008882e+00,8.171572875253809798e+01,1.741971273145623300e+01,1.000000000000000000e+01,2.500000000000008882e+00,7.171572875253809798e+01,6.641971273145622945e+01,1.000000000000000000e+01,2.500000000000008882e+00,6.171572875253809798e+01,3.441971273145622945e+01,1.000000000000000000e+01,2.500000000000008882e+00
9.171572875253809798e+01,4.441971273145622945e+01,1.000000000000000000e+01,0.000000000000000000e+00,8.171572875253809798e+01,1.741971273145623300e+01,1.000000000000000000e+01,0.000000000000000000e+00,7.171572875253809798e+01,6.641971273145622945e+01,1.000000000000000000e+01,0.000000000000000000e+00,6.171572875253809798e+01,3.441971273145622945e+01,1.000000000000000000e+01,0.000000000000000000e+00
9.421572875253809798e+01,4.441971283707860607e+01,1.000000000000000000e+01,2.500000000000002220e+00,8.421572875253809798e+01,1.741971283707860607e+01,1.000000000000000000e+01,2.500000000000002220e+00,7.421572875253809798e+01,6.641971283707860607e+01,1.000000000000000000e+01,2.500000000000002220e+00,6.421572875253809798e+01,3.441971283707860607e+01,1.000000000000000000e+01,2.500000000000002220e+00
9.671572875253809798e+01,4.441971288988979438e+01,1.000000000000000000e+01,2.500000000000000444e+00,8.671572875253809798e+01,1.741971288988979438e+01,1.000000000000000000e+01,2.500000000000000444e+00,7.671572875253809798e+01,6.641971288988979438e+01,1.000000000000000000e+01,2.500000000000000444e+00,6.671572875253809798e+01,3.441971288988979438e+01,1.000000000000000000e+01,2.500000000000000444e+00
9.921572875253809798e+01,4.441971291629538854e+01,1.000000000000000000e+01,2.500000000000000000e+00,8.921572875253809798e+01,1.741971291629538854e+01,1.000000000000000000e+01,2.500000000000000000e+00,7.921572875253809798e+01,6.641971291629539564e+01,1.000000000000000000e+01,2.500000000000000000e+00,6.921572875253809798e+01,3.441971291629538854e+01,1.000000000000000000e+01,2.500000000000000000e+00
1.017157287525380980e+02,4.441971292949818917e+01,1.000000000000000000e+01,2.500000000000000000e+00,9.171572875253809798e+01,1.741971292949818562e+01,1.000000000000000000e+01,2.500000000000000000e+00,8.171572875253809798e+01,6.641971292949818917e+01,1.000000000000000000e+01,2.500000000000000000e+00,7.171572875253809798e+01,3.441971292949818917e+01,1.000000000000000000e+01,2.500000000000000000e+00
1.042157287525380980e+02,4.441971293609958593e+01,1.000000000000000000e+01,2.500000000000000000e+00,9.421572875253809798e+01,1.741971293609958593e+01,1.000000000000000000e+01,2.500000000000000000e+00,8.421572875253809798e+01,6.641971293609958593e+01,1.000000000000000000e+01,2.500000000000000000e+00,7.421572875253809798e+01,3.441971293609958593e+01,1.000000000000000000e+01,2.500000000000000000e+00
1.067157287525380980e+02,4.441971293940028431e+01,1.000000000000000000e+01,2.500000000000000000e+00,9.671572875253809798e+01,1.741971293940028431e+01,1.000000000000000000e+01,2.500000000000000000e+00,8.671572875253809798e+01,6.641971293940028431e+01,1.000000000000000000e+01,2.500000000000000000e+00,7.671572875253809798e+01,3.441971293940028431e+01,1.000000000000000000e+01,2.500000000000000000e+00
1.092157287525380980e+02,4.441971294105063350e+01,1.000000000000000000e+01,2.500000000000000000e+00,9.921572875253809798e+01,1.741971294105063350e+01,1.000000000000000000e+01,2.500000000000000000e+00,8.921572875253809798e+01,6.641971294105063350e+01,1.000000000000000000e+01,2.500000000000000000e+00,7.921572875253809798e+01,3.441971294105063350e+01,1.000000000000000000e+01,2.500000000000000000e+00
1.092157287525380980e+02,4.441971294105063350e+01,1.000000000000000000e+01,0.000000000000000000e+00,9.921572875253809798e+01,1.741971294105063350e+01,1.000000000000000000e+01,0.000000000000000000e+00,8.921572875253809798e+01,6.641971294105063350e+01,1.000000000000000000e+01,0.000000000000000000e+00,7.921572875253809798e+01,3.441971294105063350e+01,1.000000000000000000e+01,0.000000000000000000e+00
1.117157287525380980e+02,4.441971294187580810e+01,1.000000000000000000e+01,2.500000000000000000e+00,1.017157287525380980e+02,1.741971294187580810e+01,1.000000000000000000e+01,2.500000000000000000e+00,9.171572875253809798e+01,6.641971294187581520e+01,1.000000000000000000e+01,2.500000000000000000e+00,8.171572875253809798e+01,3.441971294187580810e+01,1.000000000000000000e+01,2.500000000000000000e+00
1.117157287525380980e+02,4.441971294187580810e+01,1.000000000000000000e+01,0.000000000000000000e+00,1.017157287525380980e+02,1.741971294187580810e+01,1.000000000000000000e+01,0.000000000000000000e+00,9.171572875253809798e+01,6.641971294187581520e+01,1.000000000000000000e+01,0.000000000000000000e+00,8.171572875253809798e+01,3.441971294187580810e+01,1.000000000000000000e+01,0.000000000000000000e+00
1.142157287525380980e+02,4.441971294228839895e+01,1.000000000000000000e+01,2.500000000000000000e+00,1.042157287525380980e+02,1.741971294228839540e+01,1.000000000000000000e+01,2.500000000000000000e+00,9.421572875253809798e+01,6.641971294228839895e+01,1.000000000000000000e+01,2.500000000000000000e+00,8.421572875253809798e+01,3.441971294228839895e+01,1.000000000000000000e+01,2.500000000000000000e+00
1.167157287525380980e+02,4.441971294249469082e+01,1.000000000000000000e+01,2.500000000000000000e+00,1.067157287525380980e+02,1.741971294249469082e+01,1.000000000000000000e+01,2.500000000000000000e+00,9.671572875253809798e+01,6.641971294249469793e+01,1.000000000000000000e+01,2.500000000000000000e+00,8.671572875253809798e+01,3.441971294249469082e+01,1.000000000000000000e+01,2.500000000000000000e+00
1.192157287525380980e+02,4.441971294259784031e+01,1.000000000000000000e+01,2.500000000000000000e+00,1.092157287525380980e+02,1.741971294259783676e+01,1.000000000000000000e+01,2.500000000000000000e+00,9.921572875253809798e+01,6.641971294259784031e+01,1.000000000000000000e+01,2.500000000000000000e+00,8.921572875253809798e+01,3.441971294259784031e+01,1.000000000000000000e+01,2.500000000000000000e+00
1.192157287525380980e+02,4.441971294259784031e+01,1.000000000000000000e+01,0.000000000000000000e+00,1.092157287525380980e+02,1.741971294259783676e+01,1.000000000000000000e+01,0.000000000000000000e+00,9.921572875253809798e+01,6.641971294259784031e+01,1.000000000000000000e+01,0.000000000000000000e+00,8.921572875253809798e+01,3.441971294259784031e+01,1.000000000000000000e+01,0.000000000000000000e+00
